Nama,Benefit,Coast,Nilai
Satria Wira,0.39910537039901917,0.049099025303098266,0.3500063450959209
Gora Wahyu,0.3741397021640345,0.08183170883849714,0.29230799332553736
Azura fransisca,0.34815111680327415,0.06546536707079771,0.28268574973247645
Sagita Putri,0.3825721154453754,0.049099025303098266,0.3334730901422771
Afriani Ibrahim Putri,0.38744066140587174,0.08183170883849714,0.30560895256737464
