nama,Matematika,Karakter,Pengalaman Lomba,Hasil Tes MTK,Kelas
Satria Wira,0.49599764860931356,0.4681645887845223,0.5,0.42032554999418703,0.32732683535398854
Gora Wahyu,0.4408867987638343,0.4681645887845223,0.4,0.4465958968688237,0.5455447255899809
Azura fransisca,0.4408867987638343,0.3511234415883917,0.3,0.4728662437434604,0.4364357804719847
Sagita Putri,0.4408867987638343,0.4681645887845223,0.5,0.42032554999418703,0.32732683535398854
Afriani Ibrahim Putri,0.41333137384109464,0.4681645887845223,0.5,0.4728662437434604,0.5455447255899809
