nama,Matematika,Karakter,Pengalaman Lomba,Hasil Tes MTK,Kelas
Satria Wira,0.1487992945827941,0.07022468831767834,0.075,0.10508138749854676,0.04909902530309827
Gora Wahyu,0.1322660396291503,0.07022468831767834,0.06,0.11164897421720593,0.08183170883849714
Azura fransisca,0.1322660396291503,0.05266851623825875,0.045,0.1182165609358651,0.06546536707079771
Sagita Putri,0.1322660396291503,0.07022468831767834,0.075,0.10508138749854676,0.04909902530309827
Afriani Ibrahim Putri,0.12399941215232835,0.07022468831767834,0.075,0.1182165609358651,0.08183170883849714
